<?xml version="1.0" encoding="UTF-8"?>
<project-private xmlns="http://www.netbeans.org/ns/project-private/1">
    <editor-bookmarks xmlns="http://www.netbeans.org/ns/editor-bookmarks/2" lastBookmarkId="0"/>
    <open-files xmlns="http://www.netbeans.org/ns/projectui-open-files/2">
        <group>
            <file>file:/C:/Users/20141114010750/Documents/NetBeansProjects/biblioteca/src/Professor.java</file>
            <file>file:/C:/Users/20141114010750/Documents/NetBeansProjects/biblioteca/src/Livro.java</file>
            <file>file:/C:/Users/20141114010750/Documents/NetBeansProjects/biblioteca/src/NovoAluno.java</file>
            <file>file:/C:/Users/20141114010750/Documents/NetBeansProjects/biblioteca/src/TelaPrincipal.java</file>
            <file>file:/C:/Users/20141114010750/Documents/NetBeansProjects/biblioteca/src/Aluno.java</file>
            <file>file:/C:/Users/20141114010750/Documents/NetBeansProjects/biblioteca/src/NovoProfessor.java</file>
        </group>
    </open-files>
</project-private>
